0.018183231353759766,0.8149805665016174,0.035529911518096924
0.04620838165283203,0.8149805665016174,0.035529911518096924
0.07295942306518555,0.8149805665016174,0.035529911518096924
0.10001826286315918,0.8190799951553345,0.025106413289904594
0.1335303783416748,0.6579566597938538,-0.02055162377655506
0.16696667671203613,0.6250619292259216,-0.025813670828938484
0.2002725601196289,0.672511100769043,-0.017463069409132004
0.2334880828857422,0.672511100769043,-0.017463069409132004
0.2668735980987549,0.5306648015975952,0.1557651162147522
0.29993724822998047,0.5410689115524292,0.17055059969425201
0.3338127136230469,0.5475147366523743,0.18258599936962128
0.36007165908813477,0.5519424080848694,0.19133058190345764
0.38687753677368164,0.5543928146362305,0.21243637800216675
0.41488218307495117,0.5543928146362305,0.21243637800216675
0.44149112701416016,0.7284417748451233,0.031294167041778564
0.4679410457611084,0.7283608913421631,0.031254541128873825
0.49422550201416016,0.7283608913421631,0.031254541128873825
0.5207254886627197,0.7319695949554443,0.051065340638160706
0.5471487045288086,0.7351149916648865,0.05919625237584114
0.5736737251281738,0.5392022132873535,0.18685060739517212
0.600109338760376,0.5392022132873535,0.18685060739517212
0.6265687942504883,0.5357354879379272,0.17594970762729645
0.6530914306640625,0.5319405794143677,0.16373993456363678
0.6794168949127197,0.5305060148239136,0.15956726670265198
0.705848217010498,0.3251896798610687,0.2768961489200592
0.7323176860809326,0.3212779462337494,0.2681192457675934
0.7587370872497559,0.31820884346961975,0.2597038149833679
0.7851448059082031,0.3157086670398712,0.2527320683002472
0.811342716217041,0.3157086670398712,0.2527320683002472
0.8379819393157959,0.31370553374290466,0.24732303619384766
0.8644411563873291,0.31226539611816406,0.2429041564464569
0.8911612033843994,0.521813154220581,0.12336108833551407
0.9180021286010742,0.521813154220581,0.12336108833551407
0.9444923400878906,0.521813154220581,0.12336108833551407
0.9709422588348389,0.521813154220581,0.12336108833551407
0.9972147941589355,0.521813154220581,0.12336108833551407
1.023754596710205,0.5216982960700989,0.10961318016052246
1.050250768661499,0.5216982960700989,0.10961318016052246
1.0767240524291992,0.303425669670105,0.2121497094631195
1.1032278537750244,0.3027956485748291,0.20880775153636932
1.12957763671875,0.5197128057479858,0.09930811077356339
1.1560451984405518,0.5190942287445068,0.09705125540494919
1.1825003623962402,0.5183276534080505,0.09411832690238953
1.2087228298187256,0.29942941665649414,0.19616948068141937
1.2353131771087646,0.2984963655471802,0.1940871924161911
1.261789083480835,0.2984963655471802,0.1940871924161911
1.2883262634277344,0.29800379276275635,0.19330450892448425
1.3147833347320557,0.29840409755706787,0.19209858775138855
1.3413703441619873,0.298080176115036,0.18997803330421448
1.3677940368652344,0.5171853303909302,0.08473948389291763
1.3942341804504395,0.516893744468689,0.08229228854179382
1.420776605606079,0.29622071981430054,0.1817919760942459
1.4471700191497803,0.2953279912471771,0.18051153421401978
1.4736499786376953,0.2953279912471771,0.18051153421401978
1.5000839233398438,0.2943916916847229,0.17853736877441406
1.5264673233032227,0.2944110333919525,0.1771772801876068
1.552919864654541,0.2940092086791992,0.17621657252311707
1.5791985988616943,0.29386258125305176,0.17541790008544922
1.6057605743408203,0.2936316430568695,0.17407545447349548
1.6320879459381104,0.2933441400527954,0.17365527153015137
1.6586451530456543,0.5128876566886902,0.07733441889286041
1.685143232345581,0.5128876566886902,0.07733441889286041
1.711427927017212,0.29352039098739624,0.17340107262134552
1.738016128540039,0.2936496138572693,0.17441290616989136
1.7643201351165771,0.29416853189468384,0.17588280141353607
1.7907559871673584,0.29528290033340454,0.17795231938362122
1.817293643951416,0.3045644164085388,0.1768159121274948
1.8436501026153564,0.3045644164085388,0.1768159121274948
1.8700485229492188,0.3045644164085388,0.1768159121274948
1.896376132965088,0.3045644164085388,0.1768159121274948
1.9229257106781006,0.27551931142807007,0.4555405378341675
1.9493675231933594,0.27551931142807007,0.4555405378341675
1.97575044631958,0.27551931142807007,0.4555405378341675
2.002211093902588,0.2625173032283783,1.455517053604126
2.0285704135894775,0.2625173032283783,1.455517053604126
2.0549819469451904,0.41832178831100464,0.28053659200668335
2.081317186355591,0.41832178831100464,0.28053659200668335
2.108107566833496,0.41832178831100464,0.28053659200668335
2.1348624229431152,0.41832178831100464,0.28053659200668335
2.161389112472534,0.41832178831100464,0.28053659200668335
2.1883509159088135,0.41832178831100464,0.28053659200668335
2.2149620056152344,0.4813298285007477,0.01881694793701172
2.2418315410614014,0.4813298285007477,0.01881694793701172
2.2683253288269043,0.4813298285007477,0.01881694793701172
2.294879198074341,0.7759844660758972,0.02442568726837635
2.3217573165893555,0.7759844660758972,0.02442568726837635
2.3485872745513916,0.7759844660758972,0.02442568726837635
2.3755016326904297,0.7759844660758972,0.02442568726837635
2.402413845062256,0.7759844660758972,0.02442568726837635
2.4290518760681152,0.7759844660758972,0.02442568726837635
2.455997943878174,0.7759844660758972,0.02442568726837635
2.4829115867614746,0.7759844660758972,0.02442568726837635
2.509688138961792,0.7759844660758972,0.02442568726837635
2.536508321762085,0.7759844660758972,0.02442568726837635
2.5630321502685547,0.7759844660758972,0.02442568726837635
2.589439630508423,0.7759844660758972,0.02442568726837635
2.6158626079559326,0.7759844660758972,0.02442568726837635
2.6422460079193115,0.7759844660758972,0.02442568726837635
2.668950319290161,0.7759844660758972,0.02442568726837635
2.69558048248291,0.7759844660758972,0.02442568726837635
2.7220702171325684,0.7759844660758972,0.02442568726837635
2.7489399909973145,0.7759844660758972,0.02442568726837635
2.775752544403076,0.7759844660758972,0.02442568726837635
2.802607297897339,0.7759844660758972,0.02442568726837635
2.828843355178833,0.7759844660758972,0.02442568726837635
2.855421304702759,0.7759844660758972,0.02442568726837635
2.881948232650757,0.7759844660758972,0.02442568726837635
2.9087579250335693,0.7759844660758972,0.02442568726837635
2.935610771179199,0.7759844660758972,0.02442568726837635
2.962310314178467,0.7759844660758972,0.02442568726837635
2.989267587661743,0.7759844660758972,0.02442568726837635
3.0160083770751953,0.7759844660758972,0.02442568726837635
3.04282283782959,0.7759844660758972,0.02442568726837635
3.0691919326782227,0.7759844660758972,0.02442568726837635
3.0957062244415283,0.7759844660758972,0.02442568726837635
3.122284412384033,0.7759844660758972,0.02442568726837635
3.1492066383361816,0.5567272901535034,0.14274418354034424
3.1760213375091553,0.5567272901535034,0.14274418354034424
3.202923059463501,0.5882943272590637,0.07303422689437866
3.2295992374420166,0.616026759147644,1.7887486219406128
3.2560343742370605,0.616026759147644,1.7887486219406128
3.2822957038879395,0.5869932770729065,0.6921355128288269
3.30851149559021,0.5869932770729065,0.6921355128288269
3.3349103927612305,0.9384360313415527,1.3858156204223633
3.3611674308776855,0.9343264698982239,1.8171794414520264
3.387688398361206,0.9321359992027283,1.8945660591125488
3.4140403270721436,0.9321359992027283,1.8945660591125488
3.4404468536376953,0.9321359992027283,1.8945660591125488
3.4667861461639404,0.9321359992027283,1.8945660591125488
3.4931869506835938,0.9321359992027283,1.8945660591125488
3.5196316242218018,0.8174368143081665,0.8328604102134705
3.5459063053131104,0.8174368143081665,0.8328604102134705
3.572352886199951,0.8174368143081665,0.8328604102134705
3.598604917526245,0.8174368143081665,0.8328604102134705
3.6249542236328125,0.8174368143081665,0.8328604102134705
3.6512563228607178,0.8174368143081665,0.8328604102134705
3.67764949798584,0.8174368143081665,0.8328604102134705
3.7040634155273438,0.8174368143081665,0.8328604102134705
3.730304479598999,0.8174368143081665,0.8328604102134705
3.7567756175994873,0.8174368143081665,0.8328604102134705
3.7831809520721436,0.8174368143081665,0.8328604102134705
3.809516191482544,0.8174368143081665,0.8328604102134705
3.835796356201172,0.8174368143081665,0.8328604102134705
3.86220121383667,0.8442495465278625,1.9453198909759521
3.8887243270874023,0.8442495465278625,1.9453198909759521
3.914902687072754,0.8442495465278625,1.9453198909759521
3.9413745403289795,0.8442495465278625,1.9453198909759521
3.9676859378814697,0.8442495465278625,1.9453198909759521
3.994027853012085,0.8442495465278625,1.9453198909759521
4.02037787437439,0.5818518996238708,0.622994065284729
4.046700716018677,0.5807827711105347,0.5991061925888062
4.073215484619141,0.5807827711105347,0.5991061925888062
4.099700689315796,0.5808812379837036,0.5882749557495117
4.1261255741119385,0.5840558409690857,0.5808277726173401
4.152469635009766,0.6889913082122803,0.8013879656791687
4.178776264190674,0.6891627311706543,0.7916256189346313
4.205250263214111,0.6909856796264648,0.7803430557250977
4.231529235839844,0.6920063495635986,0.7850204110145569
4.257894515991211,0.6931924819946289,0.780320405960083
4.284309148788452,0.6931924819946289,0.780320405960083
4.310624361038208,0.693930447101593,0.7809823751449585
4.336840867996216,0.6952769160270691,0.7778247594833374
4.363142967224121,0.695963978767395,0.782800555229187
4.3902058601379395,0.6966023445129395,0.7873479127883911
4.417151689529419,0.6786372065544128,0.7728650569915771
4.444025278091431,0.6445857286453247,0.7614549398422241
4.47091007232666,0.613215446472168,0.7525866031646729
4.497358798980713,0.613215446472168,0.7525866031646729
4.52383828163147,0.598536491394043,0.7443479299545288
4.550295114517212,0.5853184461593628,0.7401166558265686
4.576800346374512,0.5766240358352661,0.7365566492080688
4.603221654891968,0.4924413561820984,0.7537212371826172
4.629460096359253,0.5097044706344604,0.7459956407546997
4.655889987945557,0.489491730928421,0.7538020014762878
4.682295560836792,0.47527655959129333,0.7602170705795288
4.708777189254761,0.47527655959129333,0.7602170705795288
4.735267400741577,0.46210619807243347,0.7620022296905518
4.761579513549805,0.45478448271751404,0.7737650871276855
4.788104295730591,0.44954928755760193,0.7798357009887695
4.81436562538147,0.4438285231590271,0.7858064770698547
4.840764760971069,0.4403965175151825,0.7944145202636719
4.867048501968384,0.43825763463974,0.798434853553772
4.893518924713135,0.4362591803073883,0.8025121688842773
4.920018434524536,0.43429499864578247,0.8068881034851074
4.946417570114136,0.4317827820777893,0.804912805557251
4.972901344299316,0.4317827820777893,0.804912805557251
4.999354600906372,0.43093132972717285,0.8034265637397766
5.025707483291626,0.43042218685150146,0.8122251629829407
5.052114248275757,0.43056872487068176,0.8167370557785034
5.078286409378052,0.43996429443359375,0.8420482873916626
5.104806423187256,0.44799262285232544,0.8781440258026123
5.131085395812988,0.44799262285232544,0.8781440258026123
5.157652378082275,0.45463502407073975,0.9034735560417175
5.184037208557129,0.4591911733150482,0.9192023277282715
5.2104527950286865,0.4644184708595276,0.9344182014465332
5.236920595169067,0.467629611492157,0.9427706003189087
5.263309001922607,0.47045189142227173,0.952214241027832
5.28982400894165,0.47306501865386963,0.9628092646598816
5.316292762756348,0.4641810655593872,0.9758390784263611
5.342698335647583,0.4641810655593872,0.9758390784263611
5.369245767593384,0.42607322335243225,0.9735308885574341
5.395557403564453,0.39851441979408264,0.9698649048805237
5.421799898147583,0.3853241205215454,0.9314157366752625
5.447822093963623,0.3734526038169861,0.9057624340057373
5.474259853363037,0.3653470277786255,0.9156427979469299
5.500685453414917,0.35838550329208374,0.9324202537536621
5.5271313190460205,0.35109707713127136,0.8992661833763123
5.553602933883667,0.35109707713127136,0.8992661833763123
5.579983949661255,0.34748393297195435,0.9292876720428467
5.6059887409210205,0.343375563621521,0.9479011297225952
5.633376598358154,0.33977556228637695,0.9603487849235535
5.667056322097778,0.33774757385253906,0.9655407667160034
5.700211524963379,0.3211713433265686,0.9618041515350342
5.733837127685547,0.31307852268218994,0.8649803400039673
5.767513275146484,0.30921804904937744,0.7825618982315063
5.794325351715088,0.3099344074726105,0.6322240233421326
5.822588205337524,0.3099344074726105,0.6322240233421326
5.850715637207031,0.3116829991340637,0.5136424899101257
5.877185344696045,0.31226271390914917,0.44579124450683594
5.903584003448486,0.31275099515914917,0.4037979543209076
5.929857969284058,0.3137969970703125,0.37796929478645325
5.956240653991699,0.31404322385787964,0.3593534231185913
5.982611417770386,0.3144710659980774,0.34536486864089966
6.009051561355591,0.3144710659980774,0.34536486864089966
6.035535573959351,0.3147572875022888,0.3368724584579468
6.061993598937988,0.31519216299057007,0.33014824986457825
6.088594675064087,0.3156757354736328,0.32590991258621216
6.114866256713867,0.3157299757003784,0.32346445322036743
6.141388654708862,0.3163010776042938,0.32157278060913086
6.167832374572754,0.31653839349746704,0.320320188999176
6.19428277015686,0.3166312575340271,0.31907030940055847
6.220742464065552,0.3166312575340271,0.31907030940055847
6.247106313705444,0.3169558644294739,0.3175240159034729
6.27372407913208,0.3172632157802582,0.3177297115325928
6.30029296875,0.32291901111602783,0.32610374689102173
6.326541423797607,0.32811975479125977,0.3343932628631592
6.353093385696411,0.3326146900653839,0.34141263365745544
6.3793089389801025,0.33602938055992126,0.348012775182724
6.405840873718262,0.33888018131256104,0.3532920181751251
6.432345151901245,0.33888018131256104,0.3532920181751251
6.4587695598602295,0.3410305678844452,0.35695064067840576
6.485248327255249,0.3429611623287201,0.36082103848457336
6.511570453643799,0.344479501247406,0.3644280433654785
6.538096189498901,0.34540802240371704,0.36663156747817993
6.564378976821899,0.34624767303466797,0.36919599771499634
6.59080958366394,0.34734436869621277,0.3710220456123352
6.617247104644775,0.3481700122356415,0.3725561499595642
6.643862724304199,0.3481700122356415,0.3725561499595642
6.670335054397583,0.3489817976951599,0.3749845623970032
6.69665789604187,0.3496359586715698,0.3769160509109497
6.723151445388794,0.3500281274318695,0.37778550386428833
6.749595880508423,0.3503490686416626,0.3760896325111389
6.7759621143341064,0.350443571805954,0.37636464834213257
6.802455425262451,0.35072338581085205,0.3763788044452667
6.828701019287109,0.3513687551021576,0.3761894106864929
6.855348110198975,0.3513687551021576,0.3761894106864929
6.881685495376587,0.34770622849464417,0.3804642856121063
6.908226251602173,0.3450455069541931,0.38491636514663696
6.934733629226685,0.3413318395614624,0.3915582299232483
6.960986614227295,0.3413318395614624,0.3915582299232483
6.987464427947998,0.34013068675994873,0.39413756132125854
7.013756513595581,0.3390052914619446,0.3969840407371521
7.040194988250732,0.33840739727020264,0.3988223671913147
7.066796779632568,0.3379229009151459,0.40253540873527527
7.093196868896484,0.3379229009151459,0.40253540873527527
7.119653224945068,0.34003257751464844,0.4052736163139343
7.146030426025391,0.3525733947753906,0.4038371741771698
7.172469854354858,0.36312931776046753,0.4068562388420105
7.1989052295684814,0.36312931776046753,0.4068562388420105
7.225261449813843,0.36312931776046753,0.4068562388420105
7.251689910888672,0.8084656596183777,0.40915942192077637
7.277862310409546,0.8745986223220825,0.2671261131763458
7.3041698932647705,0.8745986223220825,0.2671261131763458
7.330466985702515,0.8745986223220825,0.2671261131763458
7.356915473937988,0.8745986223220825,0.2671261131763458
7.383313894271851,0.8745986223220825,0.2671261131763458
7.409714698791504,0.8745986223220825,0.2671261131763458
7.436107397079468,0.8745986223220825,0.2671261131763458
7.462320804595947,0.8745986223220825,0.2671261131763458
7.4888691902160645,0.8745986223220825,0.2671261131763458
7.515016555786133,0.8745986223220825,0.2671261131763458
7.541434288024902,0.8745986223220825,0.2671261131763458
7.567867040634155,0.8745986223220825,0.2671261131763458
7.59424614906311,0.8745986223220825,0.2671261131763458
7.620697021484375,0.8745986223220825,0.2671261131763458
7.646939754486084,0.8745986223220825,0.2671261131763458
7.673394680023193,0.8745986223220825,0.2671261131763458
7.699860572814941,0.646781325340271,0.2594273090362549
7.72625470161438,0.646781325340271,0.2594273090362549
7.752596855163574,0.646781325340271,0.2594273090362549
7.778847694396973,0.646781325340271,0.2594273090362549
7.805325984954834,0.646781325340271,0.2594273090362549
7.83158016204834,0.646781325340271,0.2594273090362549
7.8580992221832275,0.646781325340271,0.2594273090362549
7.884548187255859,0.646781325340271,0.2594273090362549
7.910876035690308,0.646781325340271,0.2594273090362549
7.937237977981567,0.646781325340271,0.2594273090362549
7.963673830032349,0.646781325340271,0.2594273090362549
7.9902403354644775,0.646781325340271,0.2594273090362549
8.016565561294556,0.646781325340271,0.2594273090362549
8.042898654937744,0.646781325340271,0.2594273090362549
8.069370746612549,0.646781325340271,0.2594273090362549
8.095625877380371,0.646781325340271,0.2594273090362549
8.12201976776123,0.646781325340271,0.2594273090362549
8.148266315460205,0.646781325340271,0.2594273090362549
8.174774169921875,0.646781325340271,0.2594273090362549
8.201152324676514,0.646781325340271,0.2594273090362549
8.22751259803772,0.646781325340271,0.2594273090362549
8.253827810287476,0.646781325340271,0.2594273090362549
8.280003547668457,0.646781325340271,0.2594273090362549
8.306240320205688,0.646781325340271,0.2594273090362549
8.332388877868652,0.646781325340271,0.2594273090362549
8.358489513397217,0.646781325340271,0.2594273090362549
8.38457703590393,0.646781325340271,0.2594273090362549
8.410734176635742,0.646781325340271,0.2594273090362549
8.436888456344604,0.646781325340271,0.2594273090362549
8.462878704071045,0.646781325340271,0.2594273090362549
8.489211559295654,0.646781325340271,0.2594273090362549
8.515318870544434,0.646781325340271,0.2594273090362549
8.541539669036865,0.646781325340271,0.2594273090362549
8.567846298217773,0.646781325340271,0.2594273090362549
8.594367742538452,0.5609563589096069,0.4911169111728668
8.620617389678955,0.5580916404724121,0.4988718628883362
8.646710634231567,0.5567334294319153,0.5030308365821838
8.673014879226685,0.5918108820915222,0.4915834665298462
8.699432611465454,0.5898633003234863,0.4976777136325836
8.72585415840149,0.5898633003234863,0.4976777136325836
8.752241849899292,0.5868996381759644,0.5026743412017822
8.778570890426636,0.585405707359314,0.5072345733642578
8.80501937866211,0.5842061042785645,0.512466311454773
8.83129072189331,0.5873415470123291,0.5112619400024414
8.857654333114624,0.5911242961883545,0.5042845010757446
8.883898735046387,0.5937179923057556,0.49918240308761597
8.910281658172607,0.5968649387359619,0.49470871686935425
8.936662673950195,0.5968649387359619,0.49470871686935425
8.96293044090271,0.598935067653656,0.4906567931175232
8.989529848098755,0.6010298728942871,0.48747754096984863
9.015891790390015,0.6041595935821533,0.48383644223213196
9.04223918914795,0.605459988117218,0.4814976453781128
9.068614959716797,0.6057431697845459,0.4749038517475128
9.094809770584106,0.6057033538818359,0.47020071744918823
9.121272802352905,0.6054978370666504,0.4665711224079132
9.14746379852295,0.6054978370666504,0.4665711224079132
9.173885583877563,0.605655312538147,0.4644085168838501
9.200266361236572,0.6068719625473022,0.4624229073524475
9.22666335105896,0.6067090034484863,0.45952945947647095
9.253125190734863,0.6068966388702393,0.4585082232952118
9.279375553131104,0.606570839881897,0.45788949728012085
9.3058443069458,0.6063439846038818,0.4568694829940796
9.332192659378052,0.6063439846038818,0.4568694829940796
9.358545541763306,0.6062229871749878,0.4558752775192261
9.384902477264404,0.6049044132232666,0.44362255930900574
9.41107439994812,0.6034848690032959,0.4325891137123108
9.43747878074646,0.602199912071228,0.4249003529548645
9.463688611984253,0.6012507081031799,0.41783928871154785
9.490102767944336,0.6002529859542847,0.4123763144016266
9.51651120185852,0.5995854735374451,0.40767812728881836
9.542745113372803,0.5995854735374451,0.40767812728881836
9.569138765335083,0.5905429124832153,0.3888465464115143
9.5954110622406,0.5840445756912231,0.37387406826019287
9.621898412704468,0.5784103870391846,0.36215996742248535
9.648069143295288,0.5739136934280396,0.35368674993515015
9.67446494102478,0.5704346895217896,0.34716296195983887
9.700824499130249,0.567610502243042,0.34236404299736023
9.727162837982178,0.565092921257019,0.3384060859680176
9.753514051437378,0.565092921257019,0.3384060859680176
9.779701471328735,0.5634375214576721,0.33572959899902344
9.806301355361938,0.5634375214576721,0.33572959899902344
9.832464218139648,0.5634375214576721,0.33572959899902344
9.858676195144653,0.5634375214576721,0.33572959899902344
9.88499903678894,0.6632376909255981,0.2196529507637024
9.911148309707642,0.5699816942214966,0.21277138590812683
9.937569379806519,0.5631998181343079,0.18822059035301208
9.963719606399536,0.5631998181343079,0.18822059035301208
9.990171670913696,0.5575328469276428,0.16935941576957703
10.016556739807129,0.5359287261962891,0.16317243874073029
10.042877435684204,0.5046313405036926,0.16577470302581787
10.069228649139404,0.4810379147529602,0.1683626025915146
10.095440149307251,0.46404972672462463,0.17076095938682556
10.121905088424683,0.451490581035614,0.17295479774475098
10.148157596588135,0.4422973394393921,0.17441558837890625
10.174610614776611,0.4422973394393921,0.17441558837890625
10.20109510421753,0.4346752166748047,0.174774169921875
10.227568626403809,0.4278162121772766,0.17450599372386932
10.254008769989014,0.4086647629737854,0.1727096140384674
10.280213117599487,0.39578256011009216,0.17171669006347656
10.306568145751953,0.38552725315093994,0.17399248480796814
10.333005428314209,0.37794896960258484,0.17630451917648315
10.359273672103882,0.37794896960258484,0.17630451917648315
10.38567304611206,0.3717500567436218,0.17791816592216492
10.41196346282959,0.3671663999557495,0.17916688323020935
10.438407897949219,0.363668292760849,0.18073533475399017
10.464565753936768,0.3611084222793579,0.1826910376548767
10.491010904312134,0.35922789573669434,0.18479296565055847
10.517244100570679,0.35755348205566406,0.18632590770721436
10.54355764389038,0.3562689423561096,0.1874871701002121
10.570046424865723,0.3562689423561096,0.1874871701002121
10.596225500106812,0.37574970722198486,0.20595607161521912
10.622663259506226,0.38878393173217773,0.2195708155632019
10.648932456970215,0.3995380401611328,0.2328301966190338
10.675342082977295,0.4079275131225586,0.2421293556690216
10.701710939407349,0.41494160890579224,0.24941694736480713
10.727942705154419,0.4199512004852295,0.258198618888855
10.754363059997559,0.42343467473983765,0.2622242569923401
10.780526399612427,0.42343467473983765,0.2622242569923401
10.806967496871948,0.42591315507888794,0.26398950815200806
10.833392858505249,0.4374082684516907,0.2645561099052429
10.859706163406372,0.4533272683620453,0.26693713665008545
10.885947465896606,0.46476805210113525,0.271074116230011
10.91228699684143,0.47462698817253113,0.27097368240356445
10.938727617263794,0.481757789850235,0.26945605874061584
10.965491533279419,0.478199303150177,0.2810012400150299
10.991751909255981,0.478199303150177,0.2810012400150299
11.018362998962402,0.4754193425178528,0.29386627674102783
11.044631242752075,0.4735775291919708,0.3013668656349182
11.071165800094604,0.4720665216445923,0.30726051330566406
11.09729290008545,0.47051337361335754,0.31340813636779785
11.123508214950562,0.4690975844860077,0.3183092772960663
11.149879217147827,0.46830374002456665,0.3199523091316223
11.176147222518921,0.4675751030445099,0.32104212045669556
11.202491998672485,0.4675751030445099,0.32104212045669556
11.228801965713501,0.46732062101364136,0.32195502519607544
11.255365371704102,0.46679043769836426,0.32406705617904663
11.281605243682861,0.46566978096961975,0.3263796269893646
11.307983160018921,0.4651734530925751,0.3333110809326172
11.33431601524353,0.46288496255874634,0.3359057903289795
11.360538959503174,0.4095005393028259,0.344869464635849
11.386852979660034,0.40494629740715027,0.3456428647041321
11.41310167312622,0.40494629740715027,0.3456428647041321
11.439422607421875,0.4013148546218872,0.34543049335479736
11.465776205062866,0.39913058280944824,0.3446032404899597
11.492106199264526,0.3971831798553467,0.3435748517513275
11.518421173095703,0.395677387714386,0.34343650937080383
11.544618129730225,0.3941799998283386,0.3436647951602936
11.571014881134033,0.38813504576683044,0.33904311060905457
11.59679889678955,0.36411771178245544,0.2925310730934143
11.622768878936768,0.36411771178245544,0.2925310730934143
11.648488521575928,0.38546979427337646,0.23190820217132568
11.674693584442139,0.37421107292175293,0.21050894260406494
11.7009916305542,0.36646711826324463,0.19394364953041077
11.727253437042236,0.36069002747535706,0.18197818100452423
11.753520250320435,0.35568463802337646,0.17390847206115723
11.77968144416809,0.3512411117553711,0.1679311841726303
11.80616283416748,0.3512411117553711,0.1679311841726303
11.832515001296997,0.3481036126613617,0.16429205238819122
11.858843088150024,0.34524327516555786,0.1621551364660263
11.88521671295166,0.3431326746940613,0.16091839969158173
11.911346912384033,0.342563271522522,0.16982057690620422
11.937751054763794,0.342563271522522,0.16982057690620422
11.963744163513184,0.342563271522522,0.16982057690620422
11.990010738372803,0.342563271522522,0.16982057690620422
12.01650071144104,0.342563271522522,0.16982057690620422
12.042351007461548,0.36518746614456177,0.31053978204727173
12.06820011138916,0.3589707911014557,0.2881276607513428
12.100385189056396,0.35566452145576477,0.26807937026023865
12.133827686309814,0.35229068994522095,0.24413226544857025
12.167304277420044,0.3502747714519501,0.22742679715156555
12.200499296188354,0.3489249646663666,0.21540600061416626
12.233932495117188,0.3455459773540497,0.19948408007621765
12.260548114776611,0.3455459773540497,0.19948408007621765
12.288675785064697,0.3446512818336487,0.19493205845355988
12.316828489303589,0.3444989323616028,0.1905377209186554
12.343262672424316,0.3443949222564697,0.18642203509807587
12.369567632675171,0.3442500829696655,0.1825559139251709
12.395782709121704,0.34419888257980347,0.1804351806640625
12.422229528427124,0.3439946174621582,0.178200364112854
12.448420524597168,0.3439751863479614,0.17520765960216522
12.475008726119995,0.34404265880584717,0.17324334383010864
12.50141429901123,0.34404265880584717,0.17324334383010864
12.527843236923218,0.3442383408546448,0.1718882918357849
12.554343700408936,0.3446034789085388,0.17055216431617737
12.580712795257568,0.3448977470397949,0.16900251805782318
12.607056140899658,0.344942569732666,0.16834266483783722
12.633355855941772,0.34516608715057373,0.16776829957962036
12.659682750701904,0.3453676104545593,0.16733628511428833
12.686042547225952,0.34594500064849854,0.16627131402492523
12.712239027023315,0.34594500064849854,0.16627131402492523
12.738778829574585,0.3457752466201782,0.16522136330604553
12.76517915725708,0.3452686667442322,0.16425926983356476
12.791756868362427,0.34515097737312317,0.16295012831687927
12.817843914031982,0.34518590569496155,0.16144713759422302
12.84371042251587,0.3455810546875,0.16121551394462585
12.869770050048828,0.34527868032455444,0.16090920567512512
12.895650386810303,0.34527868032455444,0.16090920567512512
12.921690702438354,0.3638395071029663,0.17332723736763
12.948010921478271,0.4259214699268341,0.19844192266464233
12.97449254989624,0.4731476902961731,0.2203340083360672
13.000777959823608,0.504977285861969,0.23821452260017395
13.027102947235107,0.5275216698646545,0.2515713572502136
13.053556203842163,0.5439257621765137,0.2610388696193695
13.07991909980774,0.5553365349769592,0.26785096526145935
13.106418371200562,0.5553365349769592,0.26785096526145935
13.132909059524536,0.5638916492462158,0.27325600385665894
13.159295558929443,0.5706987380981445,0.278304785490036
13.185775518417358,0.5762979388237,0.28247520327568054
13.212114572525024,0.5808259844779968,0.28602635860443115
13.23918080329895,0.5846701264381409,0.2894476652145386
13.265941381454468,0.5871603488922119,0.29224950075149536
13.292370557785034,0.5782700777053833,0.2777341902256012
13.318843841552734,0.5782700777053833,0.2777341902256012
13.345232009887695,0.5720292329788208,0.26684561371803284
13.37179946899414,0.5672884583473206,0.25874027609825134
13.397979021072388,0.5633349418640137,0.2511243224143982
13.42423129081726,0.5599371194839478,0.24529603123664856
13.450543880462646,0.5571191310882568,0.24016931653022766
13.476861953735352,0.5617018938064575,0.20254719257354736
13.50341010093689,0.5660215616226196,0.17433413863182068
13.529676914215088,0.5660215616226196,0.17433413863182068
13.55617618560791,0.5688105225563049,0.15612506866455078
13.582583665847778,0.5711945295333862,0.14360542595386505
13.608919143676758,0.5731046199798584,0.1356503963470459
13.635393381118774,0.5745583772659302,0.13144944608211517
13.661615371704102,0.5760568380355835,0.12813910841941833
13.687997102737427,0.576941967010498,0.1265253722667694
13.714259624481201,0.5777332782745361,0.12694460153579712
13.740669250488281,0.5777332782745361,0.12694460153579712
13.767120838165283,0.578169584274292,0.12860780954360962
13.79360032081604,0.5785400867462158,0.1300443708896637
13.820086479187012,0.5787934064865112,0.13188937306404114
13.846303939819336,0.5789086222648621,0.13326314091682434
13.872580289840698,0.5791052579879761,0.13477745652198792
13.898746728897095,0.5791863799095154,0.13596931099891663
13.925200462341309,0.5789840221405029,0.1374182403087616
13.95158314704895,0.5789840221405029,0.1374182403087616
13.977891206741333,0.5787179470062256,0.13896681368350983
14.0044527053833,0.5783787965774536,0.1408597230911255
14.03077745437622,0.5782763361930847,0.14320749044418335
14.057224035263062,0.578108012676239,0.14528888463974
14.083619594573975,0.5778778195381165,0.14659541845321655
14.109878778457642,0.5791760683059692,0.14691883325576782
14.136250019073486,0.5886976718902588,0.15099459886550903
14.162502765655518,0.5886976718902588,0.15099459886550903
14.188862562179565,0.597023069858551,0.15396469831466675
14.215247631072998,0.6035150289535522,0.15646278858184814
14.2420072555542,0.6089884638786316,0.1585121601819992
14.268492460250854,0.6137086153030396,0.15995058417320251
14.294810056686401,0.6178532838821411,0.16103558242321014
14.321356773376465,0.6211543679237366,0.16280680894851685
14.34764838218689,0.6289550065994263,0.21744686365127563
14.373998641967773,0.6289550065994263,0.21744686365127563
14.400366067886353,0.6289550065994263,0.21744686365127563
14.42660403251648,0.6289550065994263,0.21744686365127563
14.452926397323608,0.6289550065994263,0.21744686365127563
14.479139566421509,0.6830010414123535,0.8574959635734558
14.505578756332397,0.6197804808616638,0.85170578956604
14.531787157058716,0.6007901430130005,0.8595651388168335
14.558274269104004,0.5867815017700195,0.8552390336990356
14.584717273712158,0.5867815017700195,0.8552390336990356
14.611245393753052,0.5761645436286926,0.8492764234542847
14.637888669967651,0.567611813545227,0.8462594747543335
14.664147138595581,0.5611419677734375,0.8446207046508789
14.690583229064941,0.5557441115379333,0.8456540703773499
14.716959476470947,0.5298305153846741,0.8888611793518066
14.743251085281372,0.5114036798477173,0.9217990636825562
14.769614219665527,0.5114036798477173,0.9217990636825562
14.795910120010376,0.49850404262542725,0.9434412717819214
14.822500705718994,0.48803457617759705,0.9594007730484009
14.848924160003662,0.4797608256340027,0.9725072383880615
14.87529182434082,0.4739687740802765,0.9797687530517578
14.901710271835327,0.4687783420085907,0.9850976467132568
14.927908658981323,0.42807894945144653,1.0162074565887451
14.954428672790527,0.39495131373405457,1.0289849042892456
14.980653285980225,0.39495131373405457,1.0289849042892456
15.0072021484375,0.3692648410797119,1.0427887439727783
15.033695697784424,0.3505786955356598,1.052999496459961
15.06064224243164,0.33648133277893066,1.0596375465393066
15.087335586547852,0.3262448310852051,1.0655412673950195
15.113425493240356,0.3181113600730896,1.0703999996185303
15.13970136642456,0.31262755393981934,1.0737360715866089
15.166131019592285,0.3088667392730713,1.0768976211547852
15.192420959472656,0.3088667392730713,1.0768976211547852
15.218937158584595,0.30533939599990845,1.0796210765838623
15.245447874069214,0.3029041886329651,1.0820107460021973
15.272015810012817,0.3005521893501282,1.0838862657546997
15.298614263534546,0.30116838216781616,1.0633631944656372
15.325123071670532,0.30647510290145874,0.9155265688896179
15.351508378982544,0.31499412655830383,0.7386736869812012
15.37760305404663,0.3234919309616089,0.6314929723739624
15.404311895370483,0.3309685289859772,0.5711644887924194
15.430459022521973,0.3309685289859772,0.5711644887924194
15.45685863494873,0.33657306432724,0.5344785451889038
